<?xml version="1.0" encoding="UTF-8"?><rss version="2.0"
	xmlns:content="http://purl.org/rss/1.0/modules/content/"
	xmlns:dc="http://purl.org/dc/elements/1.1/"
	xmlns:atom="http://www.w3.org/2005/Atom"
	xmlns:sy="http://purl.org/rss/1.0/modules/syndication/"
	
	>
<channel>
	<title>
	Comentários sobre: Olá, mundo!	</title>
	<atom:link href="/2023/08/06/ola-mundo/feed/" rel="self" type="application/rss+xml" />
	<link>/2023/08/06/ola-mundo/</link>
	<description></description>
	<lastBuildDate>Sun, 06 Aug 2023 14:53:10 +0000</lastBuildDate>
	<sy:updatePeriod>
	hourly	</sy:updatePeriod>
	<sy:updateFrequency>
	1	</sy:updateFrequency>
	<generator>https://wordpress.org/?v=6.4.2</generator>
	<item>
		<title>
		Por: Um comentarista do WordPress		</title>
		<link>/2023/08/06/ola-mundo/#comment-1</link>

		<dc:creator><![CDATA[Um comentarista do WordPress]]></dc:creator>
		<pubDate>Sun, 06 Aug 2023 14:53:10 +0000</pubDate>
		<guid isPermaLink="false">/?p=1#comment-1</guid>

					<description><![CDATA[Oi, isto é um comentário.
Para iniciar a moderar, editar e excluir comentários, visite a tela Comentários no painel.
Os avatares dos comentaristas vêm do &lt;a href=&quot;https://br.gravatar.com/&quot;&gt;Gravatar&lt;/a&gt;.]]></description>
			<content:encoded><![CDATA[<p>Oi, isto é um comentário.<br />
Para iniciar a moderar, editar e excluir comentários, visite a tela Comentários no painel.<br />
Os avatares dos comentaristas vêm do <a href="https://br.gravatar.com/">Gravatar</a>.</p>
]]></content:encoded>
		
			</item>
	</channel>
</rss>
